{
"blocks": 
	[
	{
		"at": "0",
		"img": "cript0", 
		"text": "Sientes un escalofrio en la espalda cuando te aventuras en la mazmorra",
		"action": "Sales de la mazmorra...",
		"ignore": "Aun no es hora de marcharse!",
		"goTos": [ 
					{
						"dir": "north",
						"to": "0"
					},
					{
						"dir": "south",
						"to": "1"
					},
					{
						"dir": "east",
						"to": "0"
					}
					{
						"dir": "west",
						"to": "0"
					}
				]
	},
	{
		"at": "1",
		"img": "cript1",  
		"goTos": [ 
					{
						"dir": "north",
						"to": "0"
					},
					{
						"dir": "south",
						"to": "2"
					},
					{
						"dir": "east",
						"to": "1"
					}
					{
						"dir": "west",
						"to": "1"
					}
				]
	},
	{
		"at": "2",
		"img": "cript2",  
		"goTos": [ 
					{
						"dir": "north",
						"to": "1"
					},
					{
						"dir": "south",
						"to": "3"
					},
					{
						"dir": "east",
						"to": "2"
					}
					{
						"dir": "west",
						"to": "2"
					}
				]
	},
	{
		"at": "3",
		"img": "cript3",  
		"goTos": [ 
					{
						"dir": "north",
						"to": "2"
					},
					{
						"dir": "south",
						"to": "4"
					},
					{
						"dir": "east",
						"to": "3"
					}
					{
						"dir": "west",
						"to": "3"
					}
				]
	},
	{
		"at": "4",
		"img": "cript4", 
		"text": "Te tropiezas con el esqueleto de un aventurero muerto...",
		"action": "Encuentras 1x Espada Oxidada",
		"ignore": "Huele a trampa... mejor seguir adelante...",
		"goTos": [ 
					{
						"dir": "north",
						"to": "3"
					},
					{
						"dir": "south",
						"to": "5"
					},
					{
						"dir": "east",
						"to": "4"
					}
					{
						"dir": "west",
						"to": "4"
					}
				]
	},
	{
		"at": "5",
		"img": "cript5",  
		"goTos": [ 
					{
						"dir": "north",
						"to": "4"
					},
					{
						"dir": "south",
						"to": "6"
					},
					{
						"dir": "east",
						"to": "5"
					}
					{
						"dir": "west",
						"to": "5"
					}
				]
	},
	{
		"at": "6",
		"img": "cript6",  
		"goTos": [ 
					{
						"dir": "north",
						"to": "5"
					},
					{
						"dir": "south",
						"to": "6"
					},
					{
						"dir": "east",
						"to": "7"
					}
					{
						"dir": "west",
						"to": "6"
					}
				]
	},
	{
		"at": "7",
		"img": "cript7",  
		"goTos": [ 
					{
						"dir": "north",
						"to": "7"
					},
					{
						"dir": "south",
						"to": "7"
					},
					{
						"dir": "east",
						"to": "8"
					}
					{
						"dir": "west",
						"to": "6"
					}
				]
	},
		{
		"at": "8",
		"img": "cript8",
		"text": "Te parece ver algo brillar al fondo de un pozo de agua",
		"action": "Era un pozo de acido!! Pierdes 3 PV",
		"ignore": "Sigues tu camino",
		"goTos": [ 
					{
						"dir": "north",
						"to": "8"
					},
					{
						"dir": "south",
						"to": "8"
					},
					{
						"dir": "east",
						"to": "9"
					}
					{
						"dir": "west",
						"to": "7"
					}
				]
	},
		{
		"at": "9",
		"img": "cript9",  
		"goTos": [ 
					{
						"dir": "north",
						"to": "9"
					},
					{
						"dir": "south",
						"to": "9"
					},
					{
						"dir": "east",
						"to": "10"
					}
					{
						"dir": "west",
						"to": "8"
					}
				]
	},
		{
		"at": "10",
		"img": "cript10",  
		"goTos": [ 
					{
						"dir": "north",
						"to": "10"
					},
					{
						"dir": "south",
						"to": "10"
					},
					{
						"dir": "east",
						"to": "11"
					}
					{
						"dir": "west",
						"to": "9"
					}
				]
	},
		{
		"at": "11",
		"img": "cript11",  
		"goTos": [ 
					{
						"dir": "north",
						"to": "11"
					},
					{
						"dir": "south",
						"to": "11"
					},
					{
						"dir": "east",
						"to": "12"
					}
					{
						"dir": "west",
						"to": "10"
					}
				]
	},
		{
		"at": "12",
		"img": "cript12",  
		"goTos": [ 
					{
						"dir": "north",
						"to": "12"
					},
					{
						"dir": "south",
						"to": "12"
					},
					{
						"dir": "east",
						"to": "13"
					}
					{
						"dir": "west",
						"to": "11"
					}
				]
	},
		{
		"at": "13",
		"img": "cript13",  
		"text": "Un muro invisible evita que pueda seguir avanzando...",
		"action": "Golpeas con tu cabeza el muro. Pierdes 2 PV",
		"ignore": "Otro bug? Que es esto? Skyrim?",
		"goTos": [ 
					{
						"dir": "north",
						"to": "13"
					},
					{
						"dir": "south",
						"to": "13"
					},
					{
						"dir": "east",
						"to": "13"
					}
					{
						"dir": "west",
						"to": "12"
					}
				]
	}
	]
}