{
"blocks": 
	[
	{
		"id": "0", 
		"text": "Estas en casa el sábado por la tarde. Estás aburrido y no sabes qué hacer. Te sientas delante del ordenador y... ",
		"goTos": [ 
					{
						"id": "1",
						"text": "Decides estudiar Programación",
					},
					{
						"id": "2",
						"text": "Decides ver vídeos en Youtube [DIFICULTAD 7]"
						"target": "7"
						"miss": "6"
					},
					{
						"id": "3",
						"text": "Decides jugar a los videojuegos"
					}
				]
	},
	{
		"id": "1", 
		"text": "Obviamente, la mejor forma de pasar un sábado por la tarde es estuando Programación. Abres el Eclipse y te pones a hacer ejercicios",
		"goTos": [ 
					{
						"id": "4",
						"text": "Hago los que me han parecido difíciles en clase"
					},
					{
						"id": "5",
						"text": "Hago uno de los ejercicios locos de Borja"
					}
				]
	},
	{
		"id": "2", 
		"text": "Cuando estás a punto de abrir Youtube, recuerdas lo que te dijo el mejor profe que has tenido nunca: ¡¡Youtube está prohibido!!",
		"goTos": [ 
					{
						"id": "0",
						"text": "Borja tenía razón, mejor hago otra cosa..."
					}
				]
	},
	{
		"id": "3", 
		"text": "Vas a ponerte a jugar al Fallout 4, el único juego que merece la pena, pero descubres que necesitas 16 horas para descargarlo. ¿Por qué le harías caso a ese colega de clase? ¡Todos los demás juegos son inferiores!",
		"goTos": [ 
					{
						"id": "0",
						"text": "Pones a descargar el Fallout 4 y..."
					}
				]
	},
	{
		"id": "4", 
		"text": "Haces un par de ejercicios y pronto descubres que Programar es superentretenido. De repente es la hora de cenar... ¡cómo ha pasado el tiempo! Te arrepientes de no haber estudiado a saco todos los días...",
		"goTos": [ 
					{
						"id": "0",
						"text": "Aún tengo un rato para cenar... mejor hago otra cosa..."
					}
				]
	},
	{
		"id": "5", 
		"text": "¡Qué rato más emocionante! Los ejercicios raros de Borja han abierto tu mente y la han llenado de sabiduría. Sientes que cada vez estás más cerca de Subir de Nivel y alcanzar la perfección absoluta",
		"goTos": [ 
					{
						"id": "0",
						"text": "¡¡Estoy motivado para más!!"
					}
				]
	},
	{
		"id": "6", 
		"text": "Ughhhh.... no consigues reunir las ganas neecssarias... qué pereza...",
		"goTos": [ 
					{
						"id": "0",
						"text": "Mejor hago otra cosa..."
					}
				]
	}
	]
}