{
	"blocks": [
		{
			"id": "0",
			"text": "En un mundo invadido por la oscuridad, los humanos luchan para devolver la luz a sus almas. Los Guerreros del Sol intentarán salvar al mundo haciendo frente a entes oscuros que ocupan la faz de la Tierra. \n\n¿Podrás dar con el origen de la oscuridad sin que tu alma se consuma?",
			"fondo": "img/bg0.jpeg",
			"goTos": [
				{
					"id": "1",
					"text": "Seleccionar Guerrero del Sol"
				}
			]
		},
		{
			"id": "1",
			"text": "Cada Guerrero del Sol tiene diferentes cualidades; selecciona un guerrero para ver sus estadísticas y tipo de lucha.",
			"fondo": "img/bg1.jpeg",
			"goTos": [
				{
					"id": "2",
					"text": "Darkcal"
				},
				{
					"id": "3",
					"text": "Isur"
				}
			]
		},
		{
			"id": "2",
			"text": "Darkcal es un mago miembro de la Hermandad de los Renacidos que posee poderes únicos. Es el heredero de las piedras lumínicas que protegen a su portador de la oscuridad. Es más efectivo en el combate a distancia y su armadura es ligera.",
			"fondo": "img/bg2.jpeg",
			"goTos": [
				{
					"id": "4",
					"text": "Seleccionar a Darkcal"
				},
				{
					"id": "1",
					"text": "Atrás"
				}
			]
		},
		{
			"id": "3",
			"text": "Isur es la comandante del escuadrón Almas Libres. Es una guerrera especializada en el manejo de la katana. Su punto fuerte es el combate cuerpo a cuerpo y su armadura es de oro.",
			"fondo": "img/bg3.jpeg",
			"goTos": [
				{
					"id": "5",
					"text": "Seleccionar a Isur"
				},
				{
					"id": "1",
					"text": "Atrás"
				}
			]
		},
		{
			"id": "4",
			"text": "Tu aventura con DARKCAL ha comenzado. Durante el desarrollo, podrás inspeccionar lugares del mundo y conseguir objetos que te ayudarán a hacer frente a los entes oscuros. A medida que avanza el tiempo, el alma de tu personaje se irá corrompiendo por la oscuridad; para evitar que se convierta en un ente oscuro, los puntos lumínicos deben restablecerse. \n\nDeberás hacer frente a los entes oscuros que pueden ser terrenales o espirituales. Además, entre los entes oscuros existen los Guerreros de la Luna que son oponentes más fuertes y al derrotarlos conseguirás subir de nivel a tu guerrero para poder completar tu objetivo de descubrir el origen de la oscuridad.",
			"fondo": "img/bg4.jpeg",
			"goTos": [
				{
					"id": "6",
					"text": "Continuar"
				}
			]
		},
		{
			"id": "5",
			"text": "Tu aventura con ISUR ha comenzado. Durante el desarrollo, podrás inspeccionar lugares del mundo y conseguir objetos que te ayudarán a hacer frente a los entes oscuros. A medida que avanza el tiempo, el alma de tu personaje se irá corrompiendo por la oscuridad; para evitar que se convierta en un ente oscuro, los puntos lumínicos deben restablecerse. \n\nDeberás hacer frente a los entes oscuros que pueden ser terrenales o espirituales. Además, entre los entes oscuros existen los Guerreros de la Luna que son oponentes más fuertes y al derrotarlos conseguirás pistas subir de nivel a tu guerrero para poder completar tu objetivo de descubrir el origen de la oscuridad.",
			"fondo": "img/bg4.jpeg",
			"goTos": [
				{
					"id": "6",
					"text": "Continuar"
				}
			]
		},
		{
			"id": "6",
			"text": "En la parte superior izquierda aparecerán los indicadores de vida y puntos lumínicos. Los puntos de vida se reestablecen con vendajes o botiquines y los puntos lumínicos con el artefacto denominado purificador de alma. \n\nEn la parte inferior derecha aparecerá el mapa del mundo. Deberás tomar decisiones para moverte por los diferentes caminos posibles. El punto indica el lugar en el que se encuentra tu Guerrero del Sol.",
			"fondo": "img/bg5.jpeg",
			"goTos": [
				{
					"id": "7",
					"text": "Comenzar"
				}
			]
		},
		{
			"id": "7",
			"text": "Tienes que tomar tu primera decisión, la dirección que quieres que tome tu Guerrero del Sol. Ten en cuenta, que todas las decisiones tienen consecuencias y que no es posible volver atrás.",
			"fondo": "img/bg6.jpeg",
			"goTos": [
				{
					"id": "8",
					"text": "Dirigirme hacia la mansión abandonada"
				},
				{
					"id": "9",
					"text": "Adentrarme en el bosque muerto"
				}
			]
		},
		{
			"id": "8",
			"text": "Has entrado en la mansión y empiezas a inspeccionarla en busca de objetos valiosos, pero un ruido te ha alertado.",
			"fondo": "img/bg7.jpeg",
			"goTos": [
				{
					"id": "10",
					"text": "Inspeccionar el origen del ruido"
				},
				{
					"id": "11",
					"text": "Salir corriendo de la mansión"
				}
			]
		},
		{
			"id": "10",
			"text": "El ruido proviene de un armario. En cuanto abres el armario, te das cuenta de la terrible decisión que has tomado. Un ente terrenal te acecha...",
			"fondo": "img/bg8.jpeg",
			"goTos": [
				{
					"id": "12",
					"text": "Atacar"
				}
			]
		},
		{
			"id": "12",
			"text": "¡ENHORABUENA! Has eliminado al ente terrenal.",
			"fondo": "img/bg9.jpeg",
			"goTos": [
				{
					"id": "13",
					"text": "Continuar"
				}
			]
		},
		{
			"id": "13",
			"text": "En el armario en el que se escondía el ente terrenal, has encontrado un vendaje y un purificador. \n\nHas salido de la mansión y te has dirigido hacia el bosque. Te encuentras atravesando el bosque y de pronto, notas una presencia superior observándote desde las alturas.",
			"fondo": "img/bg10.jpeg",
			"goTos": [
				{
					"id": "14",
					"text": "Llamar su atención para provocar un combate"
				},
				{
					"id": "15",
					"text": "Esconderme para pasar desapercibido"
				}
			]
		},
		{
			"id": "11",
			"text": "Has salido de la mansión y te has dirigido hacia el bosque; pero tu cobardía te ha costado 30 puntos lumínicos. \n\nTe encuentras atravesando el bosque y de pronto, notas una presencia superior observándote desde las alturas.",
			"fondo": "img/bg11.jpeg",
			"goTos": [
				{
					"id": "14",
					"text": "Llamar su atención para provocar un combate"
				},
				{
					"id": "15",
					"text": "Intentar huir"
				}
			]
		},
		{
			"id": "14",
			"text": "Has golpeado repetidamente un árbol, haciendo un ruido escandaloso. En consecuencia, has atraído a un Guerrero de la Luna espiritual. \n\nDerrótalo para subir de nivel a tu guerrero.",
			"fondo": "img/bg12.jpeg",
			"goTos": [
				{
					"id": "16",
					"text": "Atacar"
				}
			]
		},
		{
			"id": "15",
			"text": "Has intentado salir corriendo del bosque, pero el Guerrero de la Luna te ha perseguido hasta darte caza. \n\nDerrótalo para subir de nivel a tu guerrero.",
			"fondo": "img/bg12.jpeg",
			"goTos": [
				{
					"id": "16",
					"text": "Atacar"
				}
			]
		},
		{
			"id": "16",
			"text": "¡ENHORABUENA! Has derrotado al Guerrero de la Luna.",
			"fondo": "img/bg13.jpeg",
			"goTos": [
				{
					"id": "17",
					"text": "Continuar"
				}
			]
		},
		{
			"id": "17",
			"text": "Has subido de nivel. \n\nHas conseguido salir del bosque y ahora tienes dos nuevas direcciones en las que dirigir a tu guerrero.",
			"fondo": "img/bg14.jpeg",
			"goTos": [
				{
					"id": "18",
					"text": "Entrar en la escuela"
				},
				{
					"id": "19",
					"text": "Volver a adentrarse en un bosque"
				}
			]
		},
		{
			"id": "18",
			"text": "Al entrar en la escuela, decides inspeccionar una de las estancias.",
			"fondo": "img/bg15.jpeg",
			"goTos": [
				{
					"id": "20",
					"text": "Piscina"
				},
				{
					"id": "21",
					"text": "Cocina"
				}
			]
		},
		{
			"id": "20",
			"text": "En las gradas de la piscina te has encontrado con un niño asustado. Te pide ayuda porque está perdido y no sabe cómo volver a casa.\n\n Quieres ayudarle pero la oscuridad que transmite su mirada te perturba.",
			"fondo": "img/bg16.jpeg",
			"goTos": [
				{
					"id": "22",
					"text": "Ayudarle"
				},
				{
					"id": "23",
					"text": "Pasar del niño"
				}
			]
		},
		{
			"id": "22",
			"text": "Le has entregado una copia de tu mapa al niño y has invertido un largo tiempo en explicarle cómo debe utilizarlo. Este acto bondadoso te ha devuelto 20 puntos lumínicos. \n\nAdemás, el niño ha sacado un vendaje de su mochila y te lo ha regalado.",
			"fondo": "img/bg17.jpeg",
			"goTos": [
				{
					"id": "24",
					"text": "Continuar"
				}
			]
		},
		{
			"id": "23",
			"text": "Has salido de la escuela con las manos vacías y has dejado a un pobre niño perdido llorando en una esquina.\n\n Este acto tan terrible te ha restado 20 puntos lumínicos.",
			"fondo": "img/bg18.jpeg",
			"goTos": [
				{
					"id": "24",
					"text": "Avanzar"
				}
			]
		},
		{
			"id": "21",
			"text": "En la cocina te has encontrado a un ente terrenal hurgando en la despensa.",
			"fondo": "img/bg19.jpeg",
			"goTos": [
				{
					"id": "25",
					"text": "Atacar"
				}
			]
		},
		{
			"id": "25",
			"text": "¡ENHORABUENA! Has derrotado al ente terrenal.",
			"fondo": "img/bg20.jpeg",
			"goTos": [
				{
					"id": "26",
					"text": "Continuar"
				}
			]
		},
		{
			"id": "24",
			"text": "Ahora tienes la oportunidad de adentrarte en una cabaña antes de pasar por el puente, o si lo prefieres, ir directamente al puente para llegar a la isla.",
			"fondo": "img/bg21.jpeg",
			"goTos": [
				{
					"id": "30",
					"text": "Entrar en la cabaña"
				},
				{
					"id": "31",
					"text": "Atravesar al puente"
				}
			]
		},
		{
			"id": "26",
			"text": "Has encontrado un botiquín en la cocina y has salido de la escuela. \n\nAhora tienes la oportunidad de adentrarte en una cabaña antes de pasar por el puente, o si lo prefieres, ir directamente al puente para llegar a la isla.",
			"fondo": "img/bg22.jpeg",
			"goTos": [
				{
					"id": "30",
					"text": "Entrar en la cabaña"
				},
				{
					"id": "31",
					"text": "Atravesar al puente"
				}
			]
		},
		{
			"id": "19",
			"text": "Te encuentras atravesando el bosque y de pronto, escuchas unos cánticos.",
			"fondo": "img/bg23.jpeg",
			"goTos": [
				{
					"id": "27",
					"text": "Dirigirse al origen de los cánticos"
				},
				{
					"id": "28",
					"text": "Salir del bosque"
				}
			]
		},
		{
			"id": "27",
			"text": "Has encontrado a la sanadora, que te ayuda para que puedas continuar con tu viaje.",
			"fondo": "img/bg24.jpeg",
			"goTos": [
				{
					"id": "28",
					"text": "Salir del bosque"
				}
			]
		},
		{
			"id": "28",
			"text": "Al salir del bosque te has topado con un ente espiritual en lo alto de un campanario y se dispone a atacarte.",
			"fondo": "img/bg25.jpeg",
			"goTos": [
				{
					"id": "29",
					"text": "Atacar"
				}
			]
		},
		{
			"id": "29",
			"text": "¡ENHORABUENA! Has derrotado al ente espiritual.",
			"fondo": "img/bg26.jpeg",
			"goTos": [
				{
					"id": "24",
					"text": "Avanzar"
				}
			]
		},
		{
			"id": "30",
			"text": "Has encontrado al chamán, que mediante un conjuro divino aumenta tus estadísticas. \n\nAdemás, te advierte sobre el gran peligro que se resguarda en el Gran Molino de la isla y te regala un amuleto de piedras lumínicas que aumenta tu resistencia a la oscuridad en un 25%.",
			"fondo": "img/bg27.jpeg",
			"goTos": [
				{
					"id": "31",
					"text": "Atravesar el puente"
				}
			]
		},
		{
			"id": "31",
			"text": "Has atravesado el puente con éxito y ahora que estás en la isla, tienes tres opciones.\n\n Ten en cuenta que solamente podrás investigar el bar o la biblioteca antes de entrar en el Gran Molino; aunque también puedes atravesar el bosque directamente.",
			"fondo": "img/bg28.jpeg",
			"goTos": [
				{
					"id": "32",
					"text": "Entrar en el bar"
				},
				{
					"id": "33",
					"text": "Entrar la biblioteca"
				},
				{
					"id": "34",
					"text": "Atravesar el bosque para entrar en el Gran Molino"
				}
			]
		},
		{
			"id": "32",
			"text": "Has entrado en el bar y en la barra se encuentra un extraño anciano tomando el té.",
			"fondo": "img/bg29.jpeg",
			"goTos": [
				{
					"id": "35",
					"text": "Atacarle por la espalda"
				},
				{
					"id": "36",
					"text": "Acercarme a charlar"
				}
			]
		},
		{
			"id": "35",
			"text": "Derrota a El Maestro.",
			"fondo": "img/bg30.jpeg",
			"goTos": [
				{
					"id": "37",
					"text": "Atacar"
				}
			]
		},
		{
			"id": "37",
			"text": "¡ENHORABUENA! Has derrotado a El Maestro.",
			"fondo": "img/bg31.jpeg",
			"goTos": [
				{
					"id": "38",
					"text": "Continuar"
				}
			]
		},
		{
			"id": "36",
			"text": "El anciano que se proclama como El Maestro te propone un reto, podrás enfrentarte a él para conseguir una recompensa irresistible.",
			"fondo": "img/bg34.jpeg",
			"goTos": [
				{
					"id": "39",
					"text": "Aceptar el reto"
				},
				{
					"id": "40",
					"text": "No me apetece"
				}
			]
		},
		{
			"id": "39",
			"text": "Derrota a El Maestro.",
			"fondo": "img/bg30.jpeg",
			"goTos": [
				{
					"id": "41",
					"text": "Atacar"
				}
			]
		},
		{
			"id": "41",
			"text": "¡ENHORABUENA! Has derrotado a El Maestro.",
			"fondo": "img/bg31.jpeg",
			"goTos": [
				{
					"id": "42",
					"text": "Continuar"
				}
			]
		},
		{
			"id": "42",
			"text": "El Maestro te ha entregado 2 botiquínes y te ha entrenado en artes lumínicas, de forma que tu ataque ha subido en 40 puntos.",
			"fondo": "img/bg32.jpeg",
			"goTos": [
				{
					"id": "34",
					"text": "Atravesar el bosque para entrar en el Gran Molino"
				}
			]
		},
		{
			"id": "38",
			"text": "Has salido del bar y ahora es el momento de dirigirse al Gran Molino.",
			"fondo": "img/bg33.jpeg",
			"goTos": [
				{
					"id": "34",
					"text": "Atravesar el bosque para entrar en el Gran Molino"
				}
			]
		},
		{
			"id": "40",
			"text": "Has salido del bar y te has perdido un entrenamiento con El Maestro que te hubiese venido muy bien para lo que te espera...",
			"fondo": "img/bg33.jpeg",
			"goTos": [
				{
					"id": "34",
					"text": "Atravesar el bosque para entrar en el Gran Molino"
				}
			]
		},
		{
			"id": "33",
			"text": "Al entrar en la biblioteca te encuentras con una anciana en un especie de trance por consumo de ayahuasca.",
			"fondo": "img/bg35.jpeg",
			"goTos": [
				{
					"id": "43",
					"text": "Acercarme para ver qué está haciendo"
				},
				{
					"id": "48",
					"text": "Salir de la biblioteca"
				}
			]
		},
		{
			"id": "43",
			"text": "Ahora puedes intentar ayudar a la anciana para que salga del trance o no.",
			"fondo": "img/bg36.jpeg",
			"goTos": [
				{
					"id": "44",
					"text": "Darle un vaso de agua para que se recupere"
				},
				{
					"id": "45",
					"text": "Tomar ayahuasca y unirme a su trance"
				},
				{
					"id": "46",
					"text": "Robarle sus pertenencias"
				}
			]
		},
		{
			"id": "44",
			"text": "Al darle el vaso de agua, la anciana se ha recuperado y ha dejado ver su forma real. Al parecer, es un ente metamorfo.",
			"fondo": "img/bg37.jpeg",
			"goTos": [
				{
					"id": "47",
					"text": "Atacar"
				}
			]
		},
		{
			"id": "47",
			"text": "¡ENHORABUENA! Has eliminado al metamorfo.",
			"fondo": "img/bg38.jpeg",
			"goTos": [
				{
					"id": "48",
					"text": "Continuar"
				}
			]
		},
		{
			"id": "45",
			"text": "En tu trance ves alucinaciones que no tienen sentido alguno. Descubres que la ayahuasca tiene efectos beneficiosos para tu salud pero también te ha restado luminidad. Además, te ha dado fuerza y ha aumentado tu ataque.",
			"fondo": "img/bg39.jpeg",
			"goTos": [
				{
					"id": "48",
					"text": "Continuar"
				}
			]
		},
		{
			"id": "46",
			"text": "Has robado a la anciana y ni se ha inmutado. Entre sus pertenencias has encontrado un botiquín y un purificador. \n\nHas salido de la biblioteca y ahora solo tienes una opción...",
			"fondo": "img/bg40.jpeg",
			"goTos": [
				{
					"id": "34",
					"text": "Atravesar el bosque para entrar en El Gran Molino"
				}
			]
		},
		{
			"id": "48",
			"text": "Has salido de la biblioteca y ahora solo tienes una opción...",
			"fondo": "img/bg41.jpeg",
			"goTos": [
				{
					"id": "34",
					"text": "Atravesar el bosque para entrar en El Gran Molino"
				}
			]
		},
		{
			"id": "34",
			"text": "Te has adentrado en el bosque del Gran Molino y al acercarte a las puertas del molino, te has encontrado con el Guardián del Molino, un fuerte Guerrero de la Luna.",
			"fondo": "img/bg42.jpeg",
			"goTos": [
				{
					"id": "49",
					"text": "Combatir para derrotarlo"
				},
				{
					"id": "50",
					"text": "Intentar entrar sigilosamente en el molino"
				}
			]
		},
		{
			"id": "49",
			"text": "Derrota al Guardián del Molino para subir de nivel.",
			"fondo": "img/bg43.jpeg",
			"goTos": [
				{
					"id": "51",
					"text": "Atacar"
				}
			]
		},
		{
			"id": "51",
			"text": "¡ENHORABUENA! Has eliminado al Guardián del Molino.",
			"fondo": "img/bg44.jpeg",
			"goTos": [
				{
					"id": "52",
					"text": "Continuar"
				}
			]
		},
		{
			"id": "52",
			"text": "Has subido de nivel. También has encontrado un botiquín y un purificador de almas en un baúl bajo el Gran Molino.",
			"fondo": "img/bg45.jpeg",
			"goTos": [
				{
					"id": "53",
					"text": "Entrar en el Gran Molino"
				}
			]
		},
		{
			"id": "50",
			"text": "Has encontrado un vendaje en un baúl bajo el Gran Molino.",
			"fondo": "img/bg46.jpeg",
			"goTos": [
				{
					"id": "53",
					"text": "Entrar en el Gran Molino"
				}
			]
		},
		{
			"id": "53",
			"text": "En el interior del Gran Molino te espera el Oscuro junto a su séquito de entes oscuros. A su espalda se encuentra el Cautivador Oscuro, un portal que atrapa la luminidad de las almas para transformarlas en entes oscuros.",
			"fondo": "img/bg47.jpeg",
			"goTos": [
				{
					"id": "54",
					"text": "Atacar"
				},
				{
					"id": "55",
					"text": "Tratar de destruir el Cautivador Oscuro"
				}
			]
		},
		{
			"id": "54",
			"text": "¡ENHORABUENA! Has eliminado al Oscuro.",
			"fondo": "img/bg48.jpeg",
			"goTos": [
				{
					"id": "56",
					"text": "Destruir el Cautivador Oscuro"
				}
			]
		},
		{
			"id": "55",
			"text": "Al destruir el Cautivador Oscuro, los entes oscuros han tomado su forma originaria, les has devuelto la luminidad. Ahora combatirán junto a ti para derrotar al Oscuro y terminar de una vez por todas con la oscuridad.",
			"fondo": "img/bg47.jpeg",
			"goTos": [
				{
					"id": "57",
					"text": "Atacar"
				}
			]
		},
		{
			"id": "56",
			"text": "Al destruir el Cautivador Oscuro, los entes oscuros han tomado su forma originaria, les has devuelto la luminidad. Has conseguido erradicar la oscuridad de la faz de la Tierra.",
			"fondo": "img/bg49.jpeg",
			"goTos": [
				{
					"id": "0",
					"text": "Reiniciar"
				}
			]
		},
		{
			"id": "57",
			"text": "¡ENHORABUENA! Has eliminado al Oscuro y erradicado la oscuridad de la faz de la Tierra.",
			"fondo": "img/bg49.jpeg",
			"goTos": [
				{
					"id": "0",
					"text": "Reiniciar"
				}
			]
		},
		{
			"id": "9",
			"text": "Te has adentrado en el bosque y su oscuridad te ha consumido puntos lumínicos. \n\nDe repente, te das cuenta de que desde las alturas te observa un ente espiritual.",
			"fondo": "img/bg50.jpeg",
			"goTos": [
				{
					"id": "58",
					"text": "Combatir"
				},
				{
					"id": "59",
					"text": "Salir corriendo del bosque muerto"
				}
			]
		},
		{
			"id": "58",
			"text": "Derrota al ente espiritual.",
			"fondo": "img/bg51.jpeg",
			"goTos": [
				{
					"id": "60",
					"text": "Atacar"
				}
			]
		},
		{
			"id": "60",
			"text": "¡ENHORABUENA! Has derrotado al ente espiritual.",
			"fondo": "img/bg52.jpeg",
			"goTos": [
				{
					"id": "61",
					"text": "Salir del bosque muerto"
				}
			]
		},
		{
			"id": "61",
			"text": "Has conseguido salir con vida del bosque muerto. \n\n Ahora tienes tres direcciones en las que dirigir a tu guerrero.",
			"fondo": "img/bg53.jpeg",
			"goTos": [
				{
					"id": "62",
					"text": "Entrar en un hospital abandonado"
				},
				{
					"id": "63",
					"text": "Atravesar el puente para dirigirte a la isla"
				},
				{
					"id": "64",
					"text": "Dirigirme directamente hacia el bosque, sin pasar por el hospital"
				}
			]
		},
		{
			"id": "59",
			"text": "Has conseguido huir del ente terrenal y has salido del bosque muerto; pero tu cobardía te ha costado 30 puntos lumínicos. \n\n Ahora tienes tres direcciones en las que dirigir a tu guerrero.",
			"fondo": "img/bg54.jpeg",
			"goTos": [
				{
					"id": "62",
					"text": "Entrar en un hospital abandonado"
				},
				{
					"id": "63",
					"text": "Atravesar el puente para dirigirte a la isla"
				},
				{
					"id": "64",
					"text": "Dirigirme directamente hacia el bosque, sin pasar por el hospital"
				}
			]
		},
		{
			"id": "62",
			"text": "Has entrado en el hospital y al inspeccionar los escasos recursos útiles que quedaban, has encontrado un vendaje y un purificador.",
			"fondo": "img/bg55.jpeg",
			"goTos": [
				{
					"id": "63",
					"text": "Atravesar el puente para dirigirte a la isla"
				},
				{
					"id": "64",
					"text": "Dirigirme hacia el bosque"
				}
			]
		},
		{
			"id": "63",
			"text": "Te encuentras atravesando el puente y de pronto, notas que es inestable... el suelo empieza a temblar.",
			"fondo": "img/bg56.jpeg",
			"goTos": [
				{
					"id": "65",
					"text": "Empezar a correr para llegar a la isla"
				},
				{
					"id": "66",
					"text": "Dar marcha atrás y pisar suelo firme cuanto antes"
				}
			]
		},
		{
			"id": "65",
			"text": "No te ha dado tiempo a atravesar el puente y has caído al vacío. Tu Guerrero del Sol ha fallecido...",
			"fondo": "img/bgDeath.jpeg",
			"goTos": [
				{
					"id": "0",
					"text": "Reintentar"
				}
			]
		},
		{
			"id": "66",
			"text": "Has rectificado a tiempo y te has salvado de una muerte segura, ya que el puente se ha derrumbado por completo. \n\n Sin embargo, algunas piedras te han golpeado y has perdido puntos de vida.",
			"fondo": "img/bg57.jpeg",
			"goTos": [
				{
					"id": "64",
					"text": "Dirigirme hacia el bosque"
				}
			]
		},
		{
			"id": "64",
			"text": "Te adentras en el bosque en busca de un refugio para la noche. A lo lejos, junto al río observas las ruinas de la antigua Estación del Metro.",
			"fondo": "img/bg58.jpeg",
			"goTos": [
				{
					"id": "67",
					"text": "Ir hacia la estación en busca de cobijo"
				},
				{
					"id": "68",
					"text": "Quedarme en el bosque y subir a lo alto de un árbol para dormir un rato"
				}
			]
		},
		{
			"id": "67",
			"text": "Has llegado a las ruinas de la antigua Estación de Metro. Te acercas hacia la puerta de la entrada y observas que hay luz en el interior",
			"fondo": "img/bg59.jpeg",
			"goTos": [
				{
					"id": "69",
					"text": "Entrar en la estación"
				},
				{
					"id": "70",
					"text": "Alejarme haciendo el mínimo ruido posible"
				}
			]
		},
		{
			"id": "69",
			"text": "Has entrado en los túneles de la estación y te has encontrado con un Guerrero de la Luna. \n\nDerrótalo para subir de nivel a tu guerrero.",
			"fondo": "img/bg60.jpeg",
			"goTos": [
				{
					"id": "71",
					"text": "Atacar"
				}
			]
		},
		{
			"id": "70",
			"text": "Al intentar alejarte de los túneles de la estación, te has tropezado y has hecho más ruido que un elefante en una cacharrería. En consecuencia, el Guerrero de la Luna que se encontraba en el interior ha salido a por ti. \n\nDerrótalo para subir de nivel a tu guerrero.",
			"fondo": "img/bg60.jpeg",
			"goTos": [
				{
					"id": "71",
					"text": "Atacar"
				}
			]
		},
		{
			"id": "71",
			"text": "¡ENHORABUENA! Has derrotado al Guerrero de la Luna.",
			"fondo": "img/bg61.jpeg",
			"goTos": [
				{
					"id": "72",
					"text": "Continuar"
				}
			]
		},
		{
			"id": "72",
			"text": "Tu guerrero ha subido de nivel y entre las pertenencias del Guerrero de la Luna has encontrado un botiquín. \n\nAhora debes decidir una nueva dirección.",
			"fondo": "img/bg62.jpeg",
			"goTos": [
				{
					"id": "73",
					"text": "Coger el bote para pasar a la isla"
				},
				{
					"id": "74",
					"text": "Atravesar el bosque muerto"
				}
			]
		},
		{
			"id": "68",
			"text": "Unos gritos de auxilio interrumpen tu plácido sueño sobre el fin de la Era Oscura. Una mujer solicita tu ayuda para derrotar a un Guerrero de la Luna que está arrasando su aldea.",
			"fondo": "img/bg63.jpeg",
			"goTos": [
				{
					"id": "75",
					"text": "Ayudar a la mujer y combatir contra el Guerrero de la Luna"
				},
				{
					"id": "76",
					"text": "Hacer oidos sordos y seguir durmiendo"
				}
			]
		},
		{
			"id": "75",
			"text": "Derrota al Guerrero de la Luna para subir de nivel a tu guerrero.",
			"fondo": "img/bg64.jpeg",
			"goTos": [
				{
					"id": "77",
					"text": "Atacar"
				}
			]
		},
		{
			"id": "77",
			"text": "¡ENHORABUENA! Has derrotado al Guerrero de la Luna.",
			"fondo": "img/bg65.jpeg",
			"goTos": [
				{
					"id": "78",
					"text": "Continuar"
				}
			]
		},
		{
			"id": "78",
			"text": "Tu guerrero ha subido de nivel. Además, como muestra de su agradecimiento, la Aldea del Río ha puesto a su sanadora a tu disposición, de forma que tu salud ha mejorado considerablemente.",
			"fondo": "img/bg66.jpeg",
			"goTos": [
				{
					"id": "79",
					"text": "Avanzar"
				}
			]
		},
		{
			"id": "79",
			"text": "Ahora debes decidir una nueva dirección.",
			"fondo": "img/bg67.jpeg",
			"goTos": [
				{
					"id": "73",
					"text": "Coger el bote para pasar a la isla"
				},
				{
					"id": "74",
					"text": "Atravesar el bosque muerto"
				}
			]
		},
		{
			"id": "76",
			"text": "Tu acto oscuro por no querer ayudar a la gente de la aldea te ha restado puntos lumínicos. \n\nTras un largo sueño, tu guerrero se ha despertado descansado y ha recuperado puntos de vida. \n\nAl salir del bosque, has pasado por una aldea arrasada con decenas de cuerpos... El remordimiento te reconcome por dentro por no haberles ayudado.",
			"fondo": "img/bg68.jpeg",
			"goTos": [
				{
					"id": "80",
					"text": "Avanzar"
				}
			]
		},
		{
			"id": "80",
			"text": "A la salida del bosque te encuentras con el Guerrero de la Luna responsable del desastre de la Aldea del Río. Derrótalo para subir de nivel a tu guerrero.",
			"fondo": "img/bg69.jpeg",
			"goTos": [
				{
					"id": "81",
					"text": "Atacar"
				}
			]
		},
		{
			"id": "81",
			"text": "¡ENHORABUENA! Has derrotado al Guerrero de la Luna.",
			"fondo": "img/bg70.jpeg",
			"goTos": [
				{
					"id": "82",
					"text": "Continuar"
				}
			]
		},
		{
			"id": "82",
			"text": "Tu guerrero ha subido de nivel.\n\n Ahora debes decidir una nueva dirección.",
			"fondo": "img/bg71.jpeg",
			"goTos": [
				{
					"id": "73",
					"text": "Coger el bote para pasar a la isla"
				},
				{
					"id": "74",
					"text": "Atravesar el bosque muerto"
				}
			]
		},
		{
			"id": "73",
			"text": "Te has montado en el bote y ahora que estás en la isla, tienes tres opciones.\n\n Ten en cuenta que solamente podrás investigar el bar o la biblioteca antes de entrar en el Gran Molino; aunque también puedes atravesar el bosque directamente.",
			"fondo": "img/bg72.jpeg",
			"goTos": [
				{
					"id": "32",
					"text": "Entrar en el bar"
				},
				{
					"id": "33",
					"text": "Entrar la biblioteca"
				},
				{
					"id": "34",
					"text": "Atravesar el bosque para entrar en el Gran Molino"
				}
			]
		},
		{
			"id": "74",
			"text": "Te has adentrado en el bosque y su oscuridad te ha consumido puntos lumínicos. \n\nTu guerrero ha caído en una trampa y se encuentra boca abajo colgado de un árbol. Una extraña mujer te formula la siguiente pregunta: ¿Cuál es tu bando? \n\nSi contestas correctamente, te dejará marchar y sino, deberás luchar contra ella para liberarte.",
			"fondo": "img/bg73.jpeg",
			"goTos": [
				{
					"id": "83",
					"text": "El Oscuro me guía"
				},
				{
					"id": "84",
					"text": "Devolver la luz a este mundo es mi gran objetivo"
				}
			]
		},
		{
			"id": "83",
			"text": "Respuesta incorrecta. \n\nDerrota a la mujer para liberarte.",
			"fondo": "img/bg74.jpeg",
			"goTos": [
				{
					"id": "85",
					"text": "Atacar"
				}
			]
		},
		{
			"id": "85",
			"text": "¡ENHORABUENA! Has derrotado a la mujer.",
			"fondo": "img/bg75.jpeg",
			"goTos": [
				{
					"id": "86",
					"text": "Avanzar"
				}
			]
		},
		{
			"id": "84",
			"text": "Respuesta correcta. \n\nLa mujer es una superviviente de la aldea del Bosque, que fue arrasado por el séquito del Oscuro. Tu objetivo le ha conmovido y te ha obsequiado con un botiquín y un purificador.",
			"fondo": "img/bg76.jpeg",
			"goTos": [
				{
					"id": "87",
					"text": "Avanzar"
				}
			]
		},
		{
			"id": "86",
			"text": "Has conseguido un vendaje que la mujer guardaba en su bolsa. \n\nAhora tienes la oportunidad de adentrarte en una cabaña o atravesar directamente el puente para llegar a la isla.",
			"fondo": "img/bg77.jpeg",
			"goTos": [
				{
					"id": "30",
					"text": "Entrar en la cabaña"
				},
				{
					"id": "31",
					"text": "Atravesar al puente"
				}
			]
		},
		{
			"id": "87",
			"text": "Ahora tienes la oportunidad de adentrarte en una cabaña o atravesar directamente el puente para llegar a la isla.",
			"fondo": "img/bg78.jpeg",
			"goTos": [
				{
					"id": "30",
					"text": "Entrar en la cabaña"
				},
				{
					"id": "31",
					"text": "Atravesar al puente"
				}
			]
		}
	]
}